{"cameraMode":{"drawMode":0,"name":"Shaded","section":"Shading Mode"},"sceneLighting":false,"audioPlay":false,"sceneViewState":{"showFog":true,"showMaterialUpdate":false,"showSkybox":false,"showFlares":true,"showImageEffects":true,"showParticleSystems":true},"in2DMode":false,"pivot":{"x":620.25,"y":1.7300000190734864,"z":247.58999633789063},"rotation":{"x":0.1882355660200119,"y":-0.8053750395774841,"z":0.44985735416412356,"w":0.33699697256088259},"size":4.041658401489258,"orthographic":false}